{"max": [0.248263, 0.5, 0.248263], "centroid": [0.0010351737638888885, 0.2458088333333333, -0.003461541291666667], "id": "1a3cf7fca32910c4107b7172b5e0318e", "numVertices": 288, "min": [-0.248263, 0.0, -0.248263]}
