{"max": [2.1336, 0.7366, 0.0178412], "centroid": [1.1332077737931028, 0.32256892793103437, -0.49664176758620693], "id": "1a35db5eb4f931a3eba0693b2c2a423b", "numVertices": 58, "min": [0.0, -0.0111125, -1.07534]}
