{"max": [-3.59426, 0.414337, 3.85802], "centroid": [-4.137133373857135, 0.200854792482568, 3.315450231394087], "id": "1a2abbc9712e2fffc3bd24f986301745", "numVertices": 19577, "min": [-4.68011, -7.6454e-06, 2.77217]}
