{"max": [0.993647, 1.07315, 1.3211], "centroid": [-1.4771620088373087, 0.3247226936648364, -0.05415343177124044], "id": "1a08afbeb4334efeefa472e59de52b43", "numVertices": 13228, "min": [-4.12094, 0.0, -1.4235]}
