{"max": [1.86272, 0.83185, 0.0127], "centroid": [0.7799080923076921, 0.4869391963076931, -0.4135784609230768], "id": "1a05bd57d0ea709e7d3ba54b9bdaa55c", "numVertices": 325, "min": [0.0, 0.0, -1.02235]}
