{"max": [0.0, 1.1938, 0.762], "centroid": [-1.0989510513880811, 0.4653568872166136, 0.15798573310878308], "id": "1a53d35ef172a6febbaf0ab08a397b2", "numVertices": 5249, "min": [-2.1336, 0.0, -0.2794]}
