{"max": [1.26873, 0.807, 0.871918], "centroid": [0.7670911077147134, 0.4496233386317301, 0.4785525007278002], "id": "1a6d43aa7b5c4e1d1c6a34a68ab9e1d4", "numVertices": 3435, "min": [0.25973, 0.0, 0.121918]}
