{"max": [-13.8902, 0.762, -15.9282], "centroid": [-14.770540196078441, 0.4676262058823528, -16.641083006535936], "id": "1a6aca00bbc88c7d30bbd4cddd04c77b", "numVertices": 306, "min": [-15.719, 0.0, -16.8426]}
