{"max": [0.0, 0.78, 0.8], "centroid": [-0.6738987230769232, 0.4995175000000001, 0.3982642461538462], "id": "1a43bd2e53364313f51f77a6d7299806", "numVertices": 52, "min": [-1.3, 0.0, 0.0]}
