{"max": [1.4732, 0.7366, 0.0], "centroid": [0.8197703815789475, 0.611982260921053, -0.4404164277631582], "id": "1a15e651e26622b0e5c7ea227b17d897", "numVertices": 152, "min": [0.0, 0.0, -0.889]}
