{"max": [0.3175, 3.41198, 0.0], "centroid": [-1.6974667711480276, 1.8366293910609528, -1.2747906733605785], "id": "1a23f3f25a8584cc49fc9876b157a42", "numVertices": 11254, "min": [-4.19735, 0.0, -1.7272]}
