{"max": [0.55, 0.45, 0.0], "centroid": [0.25454545454545446, 0.3481818181818181, -0.33636363636363636], "id": "1a00aa6b75362cc5b324368d54a7416f", "numVertices": 22, "min": [0.0, 0.05, -0.55]}
