{"max": [-1.77234, 0.34925, 0.548433], "centroid": [-2.178740000000004, 0.20843936170212768, 0.2817328319148936], "id": "1a5febd8d65b97e4f4b6538438a0b930", "numVertices": 188, "min": [-2.58514, 0.0, 0.0150326]}
