{"max": [0.2286, 0.555854, 0.471746], "centroid": [4.85666263966472e-09, 0.3440538385714281, 0.2437035538461537], "id": "1a417e4090ced738855931d119219022", "numVertices": 182, "min": [-0.2286, 0.0, 0.0]}
