{"max": [2.8162, 0.407988, 2.07015], "centroid": [2.2874224285714426, 0.22894814022857185, 1.8683349142857222], "id": "1a1fb603583ce36fc3bd24f986301745", "numVertices": 700, "min": [1.7494, 0.0, 1.66533]}
